{
  "base_model": {
    "MAE": 9154925.799339168,
    "RMSE": 20276172.5662164,
    "R2": 0.753902098151543,
    "MAPE": 65.99786763506789
  },
  "cqr_results": {
    "0.1": {
      "coverage_target": 0.9,
      "q_hat": 106457.79652013289,
      "picp": 0.8946509519492294,
      "mpiw": 39955890.67862957,
      "median_width": 9586383.543842832,
      "cwc": 92163513.49336709,
      "n_covered": 4934,
      "n_total": 5515
    },
    "0.15": {
      "coverage_target": 0.85,
      "q_hat": 90298.07772596492,
      "picp": 0.8453309156844968,
      "mpiw": 34391577.57605405,
      "median_width": 7997432.054458824,
      "cwc": 77826592.54199976,
      "n_covered": 4662,
      "n_total": 5515
    },
    "0.2": {
      "coverage_target": 0.8,
      "q_hat": 125794.90503785433,
      "picp": 0.799818676337262,
      "mpiw": 30213174.32252448,
      "median_width": 6821023.003419483,
      "cwc": 60701512.27376023,
      "n_covered": 4411,
      "n_total": 5515
    }
  },
  "data_split": {
    "train": 16543,
    "calibration": 5515,
    "test": 5515
  }
}