Nama Referensi,Objek,Merek,Tipe,Tahun Pembuatan,Tahun Lelang,Usia (tahun),Wilayah,Faktor Depresiasi,Prediksi Titik (Rp),Low 90% (Rp),High 90% (Rp),Width 90% (Rp),Low 85% (Rp),High 85% (Rp),Low 80% (Rp),High 80% (Rp),Rekomendasi Limit
Contoh 1: Toyota Innova 2010 di KPKNL Jakarta,Mobil,Toyota,Innova,2010,2025,15,Jawa,0.05,77166630.96206126,42531148.703605995,128307509.67255414,85776360.96894814,48980803.03156434,114706933.40879776,57085013.50500055,113242367.48371914,42531148.703605995
Contoh 2: Honda Beat 2019 di KPKNL Makassar,Motor,Honda,Beat,2019,2025,6,Sulawesi,0.178,9032138.74931905,2130061.4653151557,14264743.640181484,12134682.174866328,0.0,13444595.916389989,4053780.191610659,19598488.716291443,2130061.4653151557
Contoh 3: Mitsubishi Pajero 2015 di KPKNL Surabaya,Mobil,Mitsubishi,Pajero Sport,2015,2025,10,Jawa,0.1074,148570462.17954588,44217448.76151231,256665097.9061544,212447649.14464208,48465391.57748597,238971921.78393242,55095330.56411269,235699276.04730272,44217448.76151231
Contoh 4: Yamaha Mio 2012 di KPKNL Pontianak,Motor,Yamaha,Mio,2012,2025,13,Kalimantan,0.05,3347930.0422301893,1104594.9858871219,7185786.318350394,6081191.332463272,1203965.2147176783,6874128.168775876,1293372.9008765232,6035134.514168683,1104594.9858871219
